tipo_leito,numero_leito,sk_leito
Observação,161,1
UTI Pediátrica,92,2
Apartamento,217,3
Observação,99,4
Observação,143,5
Enfermaria,259,6
UTI Pediátrica,54,7
UTI Adulto,147,8
UTI Adulto,304,9
Observação,304,10
Enfermaria,172,11
UTI Adulto,490,12
UTI Adulto,153,13
UTI Adulto,145,14
Apartamento,144,15
Observação,493,16
Observação,410,17
Enfermaria,355,18
UTI Pediátrica,53,19
Observação,165,20
Observação,383,21
Enfermaria,459,22
Apartamento,371,23
Enfermaria,197,24
UTI Pediátrica,449,25
UTI Pediátrica,30,26
UTI Adulto,155,27
Enfermaria,8,28
UTI Pediátrica,202,29
UTI Adulto,365,30
UTI Adulto,62,31
Apartamento,261,32
UTI Pediátrica,320,33
Observação,104,34
Observação,159,35
Enfermaria,481,36
Observação,137,37
Observação,63,38
Apartamento,476,39
Enfermaria,92,40
Observação,404,41
Observação,281,42
Observação,309,43
UTI Pediátrica,239,44
Observação,44,45
Enfermaria,407,46
Apartamento,183,47
Apartamento,62,48
Apartamento,454,49
UTI Pediátrica,191,50
Apartamento,188,51
Observação,204,52
UTI Pediátrica,22,53
UTI Adulto,72,54
Observação,386,55
UTI Pediátrica,161,56
Enfermaria,359,57
UTI Pediátrica,173,58
UTI Pediátrica,364,59
Apartamento,375,60
UTI Pediátrica,350,61
Observação,20,62
Observação,308,63
UTI Adulto,287,64
Observação,331,65
Observação,141,66
Apartamento,403,67
Observação,167,68
Observação,264,69
UTI Pediátrica,145,70
Enfermaria,341,71
UTI Pediátrica,14,72
Observação,482,73
UTI Adulto,178,74
UTI Pediátrica,465,75
Observação,97,76
Enfermaria,133,77
UTI Pediátrica,78,78
Observação,172,79
Observação,463,80
UTI Adulto,224,81
UTI Adulto,101,82
Apartamento,158,83
Apartamento,499,84
UTI Pediátrica,106,85
Observação,426,86
Apartamento,28,87
Enfermaria,220,88
UTI Adulto,247,89
UTI Pediátrica,248,90
UTI Adulto,4,91
UTI Pediátrica,328,92
UTI Adulto,431,93
Observação,62,94
UTI Pediátrica,93,95
UTI Adulto,380,96
Enfermaria,344,97
Apartamento,453,98
UTI Adulto,461,99
Enfermaria,294,100
Observação,56,101
UTI Adulto,45,102
UTI Pediátrica,69,103
Observação,111,104
UTI Pediátrica,5,105
UTI Adulto,82,106
Observação,464,107
Enfermaria,290,108
UTI Pediátrica,290,109
Apartamento,412,110
Apartamento,264,111
UTI Pediátrica,475,112
UTI Adulto,236,113
Enfermaria,356,114
Observação,171,115
UTI Pediátrica,16,116
Observação,312,117
UTI Pediátrica,57,118
Observação,8,119
UTI Pediátrica,108,120
UTI Pediátrica,426,121
UTI Pediátrica,117,122
Enfermaria,221,123
Apartamento,271,124
Enfermaria,138,125
Observação,310,126
Apartamento,104,127
UTI Pediátrica,402,128
UTI Pediátrica,428,129
UTI Adulto,33,130
Observação,202,131
Enfermaria,438,132
UTI Adulto,150,133
UTI Adulto,341,134
Observação,434,135
Enfermaria,444,136
Observação,363,137
Enfermaria,277,138
UTI Adulto,414,139
UTI Pediátrica,115,140
Enfermaria,418,141
Enfermaria,310,142
UTI Pediátrica,116,143
Enfermaria,393,144
UTI Adulto,277,145
Enfermaria,384,146
Observação,405,147
UTI Adulto,163,148
Apartamento,339,149
UTI Adulto,288,150
Apartamento,404,151
Observação,403,152
Enfermaria,420,153
Apartamento,313,154
Enfermaria,227,155
Apartamento,208,156
UTI Pediátrica,205,157
Apartamento,221,158
UTI Pediátrica,481,159
UTI Adulto,139,160
UTI Adulto,186,161
UTI Pediátrica,448,162
Enfermaria,340,163
UTI Adulto,40,164
Observação,381,165
Enfermaria,166,166
Enfermaria,249,167
Observação,368,168
Apartamento,370,169
UTI Adulto,106,170
UTI Adulto,125,171
Apartamento,332,172
Enfermaria,376,173
UTI Pediátrica,285,174
UTI Adulto,165,175
Observação,415,176
Apartamento,283,177
Enfermaria,322,178
Apartamento,110,179
UTI Adulto,462,180
Observação,251,181
Enfermaria,337,182
Observação,365,183
UTI Pediátrica,65,184
Apartamento,11,185
Enfermaria,490,186
Apartamento,244,187
Observação,257,188
Apartamento,259,189
Observação,150,190
Observação,269,191
UTI Adulto,338,192
Observação,282,193
Observação,109,194
UTI Adulto,225,195
UTI Pediátrica,360,196
UTI Adulto,377,197
Observação,74,198
UTI Pediátrica,192,199
Enfermaria,191,200
UTI Adulto,276,201
Observação,48,202
Observação,416,203
Apartamento,128,204
Observação,422,205
Apartamento,407,206
Enfermaria,182,207
Enfermaria,428,208
UTI Adulto,2,209
Enfermaria,336,210
UTI Pediátrica,405,211
Apartamento,25,212
Enfermaria,274,213
Observação,131,214
UTI Pediátrica,134,215
UTI Pediátrica,282,216
UTI Pediátrica,278,217
Observação,328,218
Enfermaria,132,219
Observação,236,220
Enfermaria,443,221
UTI Pediátrica,291,222
UTI Pediátrica,280,223
Observação,397,224
UTI Adulto,144,225
Apartamento,422,226
Apartamento,49,227
Enfermaria,342,228
Observação,68,229
UTI Pediátrica,445,230
Apartamento,431,231
Apartamento,275,232
Enfermaria,196,233
Apartamento,47,234
Enfermaria,412,235
Enfermaria,479,236
Apartamento,393,237
Observação,180,238
UTI Pediátrica,89,239
Observação,375,240
UTI Pediátrica,382,241
UTI Adulto,386,242
UTI Pediátrica,264,243
Observação,435,244
Apartamento,204,245
Enfermaria,243,246
UTI Pediátrica,276,247
UTI Pediátrica,103,248
UTI Pediátrica,355,249
UTI Adulto,499,250
UTI Adulto,30,251
UTI Pediátrica,330,252
UTI Pediátrica,46,253
Apartamento,413,254
Enfermaria,154,255
Apartamento,89,256
Observação,129,257
Apartamento,166,258
UTI Adulto,76,259
Observação,58,260
Observação,472,261
Enfermaria,330,262
Enfermaria,231,263
UTI Adulto,228,264
UTI Pediátrica,256,265
UTI Pediátrica,460,266
UTI Adulto,214,267
Apartamento,286,268
UTI Adulto,240,269
UTI Adulto,286,270
Enfermaria,40,271
UTI Adulto,348,272
UTI Adulto,12,273
Observação,192,274
UTI Adulto,116,275
UTI Adulto,374,276
Apartamento,267,277
Enfermaria,49,278
Enfermaria,75,279
UTI Pediátrica,186,280
Enfermaria,86,281
Apartamento,150,282
Apartamento,363,283
UTI Adulto,268,284
Enfermaria,50,285
Enfermaria,280,286
Apartamento,350,287
Apartamento,408,288
UTI Pediátrica,281,289
UTI Adulto,104,290
UTI Adulto,284,291
Apartamento,43,292
Apartamento,154,293
Observação,217,294
UTI Pediátrica,45,295
Enfermaria,142,296
Apartamento,102,297
Observação,268,298
UTI Adulto,157,299
UTI Pediátrica,210,300
Enfermaria,13,301
Enfermaria,400,302
UTI Pediátrica,207,303
UTI Pediátrica,375,304
Enfermaria,16,305
Observação,469,306
Apartamento,344,307
Enfermaria,189,308
UTI Adulto,325,309
UTI Pediátrica,114,310
Observação,214,311
Enfermaria,158,312
UTI Pediátrica,404,313
UTI Adulto,27,314
Observação,43,315
UTI Adulto,126,316
UTI Adulto,337,317
UTI Adulto,113,318
Observação,477,319
Enfermaria,278,320
UTI Pediátrica,418,321
Apartamento,137,322
UTI Pediátrica,490,323
Enfermaria,1,324
Observação,319,325
Observação,142,326
Enfermaria,268,327
Apartamento,415,328
Apartamento,450,329
UTI Pediátrica,72,330
Observação,119,331
Apartamento,333,332
UTI Adulto,267,333
UTI Pediátrica,169,334
UTI Adulto,135,335
UTI Adulto,372,336
Enfermaria,96,337
Observação,445,338
UTI Pediátrica,221,339
Observação,483,340
Apartamento,357,341
UTI Pediátrica,379,342
Apartamento,75,343
Apartamento,331,344
Enfermaria,403,345
Apartamento,125,346
Enfermaria,297,347
Apartamento,312,348
Enfermaria,448,349
Enfermaria,234,350
UTI Pediátrica,412,351
Observação,37,352
UTI Adulto,58,353
Apartamento,107,354
Enfermaria,222,355
Observação,134,356
UTI Pediátrica,168,357
UTI Pediátrica,494,358
UTI Adulto,175,359
UTI Pediátrica,61,360
UTI Adulto,440,361
Observação,185,362
Apartamento,492,363
Apartamento,108,364
Enfermaria,374,365
UTI Pediátrica,107,366
Observação,271,367
Observação,39,368
UTI Pediátrica,60,369
Apartamento,222,370
Apartamento,336,371
UTI Adulto,28,372
UTI Pediátrica,478,373
Apartamento,343,374
Enfermaria,20,375
Apartamento,196,376
Apartamento,469,377
Enfermaria,475,378
UTI Pediátrica,146,379
UTI Adulto,112,380
Observação,27,381
Enfermaria,305,382
Observação,432,383
UTI Pediátrica,398,384
UTI Pediátrica,125,385
Apartamento,14,386
Apartamento,255,387
Observação,294,388
Enfermaria,43,389
UTI Pediátrica,43,390
UTI Adulto,426,391
Apartamento,383,392
Apartamento,181,393
Observação,23,394
Observação,301,395
Enfermaria,445,396
Enfermaria,371,397
Enfermaria,426,398
Apartamento,227,399
Observação,118,400
Observação,485,401
UTI Adulto,417,402
UTI Adulto,385,403
Observação,494,404
UTI Pediátrica,268,405
Observação,242,406
UTI Adulto,120,407
UTI Pediátrica,79,408
UTI Pediátrica,316,409
Apartamento,382,410
Observação,474,411
UTI Adulto,250,412
Enfermaria,48,413
Apartamento,386,414
Apartamento,15,415
Enfermaria,14,416
Observação,21,417
UTI Pediátrica,321,418
UTI Adulto,207,419
UTI Adulto,67,420
Apartamento,448,421
Observação,198,422
Enfermaria,283,423
Observação,321,424
Enfermaria,328,425
Enfermaria,338,426
Apartamento,346,427
Enfermaria,55,428
Enfermaria,6,429
Enfermaria,373,430
UTI Adulto,423,431
Enfermaria,493,432
UTI Adulto,432,433
Enfermaria,324,434
UTI Adulto,38,435
Enfermaria,385,436
Apartamento,474,437
UTI Pediátrica,179,438
UTI Pediátrica,308,439
Apartamento,24,440
Enfermaria,489,441
Apartamento,387,442
UTI Pediátrica,74,443
Enfermaria,147,444
Apartamento,174,445
UTI Pediátrica,133,446
UTI Adulto,270,447
Observação,459,448
UTI Adulto,109,449
Apartamento,338,450
UTI Pediátrica,50,451
Observação,298,452
Apartamento,228,453
Observação,53,454
Enfermaria,377,455
Apartamento,153,456
Observação,391,457
UTI Adulto,394,458
Observação,351,459
UTI Pediátrica,245,460
Apartamento,424,461
Enfermaria,275,462
Observação,360,463
UTI Adulto,259,464
Enfermaria,309,465
Apartamento,136,466
UTI Pediátrica,458,467
UTI Adulto,263,468
Apartamento,432,469
UTI Pediátrica,226,470
Enfermaria,271,471
Observação,385,472
Apartamento,378,473
Enfermaria,208,474
UTI Pediátrica,142,475
Observação,243,476
Enfermaria,164,477
Observação,79,478
Apartamento,482,479
UTI Adulto,148,480
UTI Adulto,436,481
UTI Adulto,51,482
UTI Pediátrica,70,483
Apartamento,327,484
UTI Adulto,70,485
Enfermaria,482,486
Apartamento,459,487
UTI Pediátrica,215,488
UTI Pediátrica,288,489
UTI Pediátrica,240,490
UTI Pediátrica,4,491
UTI Pediátrica,457,492
Enfermaria,333,493
Apartamento,223,494
Observação,190,495
Observação,345,496
Observação,244,497
Enfermaria,151,498
Apartamento,3,499
Enfermaria,115,500
Enfermaria,103,501
UTI Pediátrica,447,502
Apartamento,67,503
Observação,67,504
UTI Pediátrica,1,505
UTI Pediátrica,2,506
UTI Adulto,198,507
Enfermaria,35,508
Observação,473,509
Enfermaria,474,510
Enfermaria,211,511
Observação,130,512
Observação,249,513
Observação,228,514
UTI Adulto,421,515
Observação,179,516
Apartamento,9,517
UTI Pediátrica,254,518
UTI Pediátrica,73,519
Observação,369,520
Observação,289,521
UTI Adulto,216,522
Apartamento,268,523
UTI Adulto,494,524
UTI Adulto,81,525
Observação,438,526
UTI Pediátrica,102,527
UTI Adulto,488,528
UTI Adulto,473,529
Observação,26,530
Observação,168,531
Apartamento,168,532
UTI Pediátrica,15,533
Enfermaria,241,534
Enfermaria,327,535
UTI Pediátrica,184,536
UTI Adulto,231,537
UTI Pediátrica,466,538
UTI Adulto,384,539
Apartamento,120,540
Enfermaria,170,541
UTI Adulto,96,542
UTI Adulto,428,543
UTI Pediátrica,98,544
Apartamento,373,545
Observação,146,546
UTI Pediátrica,174,547
Enfermaria,223,548
UTI Adulto,111,549
Apartamento,468,550
UTI Pediátrica,408,551
Enfermaria,83,552
Apartamento,88,553
UTI Adulto,482,554
Apartamento,410,555
Observação,112,556
UTI Adulto,238,557
Enfermaria,494,558
Apartamento,254,559
UTI Pediátrica,435,560
UTI Adulto,357,561
UTI Pediátrica,149,562
UTI Adulto,185,563
UTI Pediátrica,401,564
Enfermaria,82,565
Observação,89,566
Apartamento,97,567
Observação,362,568
UTI Pediátrica,237,569
Observação,187,570
UTI Pediátrica,365,571
UTI Adulto,427,572
Enfermaria,394,573
Enfermaria,311,574
UTI Pediátrica,243,575
UTI Adulto,433,576
Observação,125,577
Apartamento,207,578
UTI Adulto,447,579
Enfermaria,258,580
Apartamento,232,581
Observação,40,582
Apartamento,180,583
Enfermaria,152,584
UTI Adulto,103,585
Apartamento,494,586
Observação,293,587
Observação,314,588
Apartamento,46,589
Apartamento,472,590
Observação,138,591
Observação,83,592
Apartamento,263,593
Observação,195,594
UTI Pediátrica,317,595
UTI Adulto,400,596
UTI Adulto,476,597
UTI Adulto,452,598
UTI Adulto,347,599
Apartamento,257,600
Enfermaria,458,601
UTI Pediátrica,454,602
UTI Pediátrica,113,603
Apartamento,392,604
Enfermaria,431,605
Apartamento,247,606
Observação,36,607
Observação,121,608
UTI Adulto,358,609
Enfermaria,329,610
Observação,225,611
Observação,106,612
Observação,207,613
Apartamento,175,614
UTI Adulto,55,615
UTI Pediátrica,476,616
Enfermaria,495,617
UTI Adulto,309,618
UTI Pediátrica,97,619
Apartamento,95,620
UTI Pediátrica,358,621
Apartamento,307,622
Apartamento,76,623
UTI Pediátrica,302,624
Enfermaria,451,625
UTI Adulto,122,626
UTI Adulto,305,627
Observação,447,628
Apartamento,219,629
UTI Pediátrica,289,630
UTI Pediátrica,121,631
Apartamento,37,632
Observação,230,633
Enfermaria,349,634
Apartamento,42,635
Enfermaria,29,636
UTI Pediátrica,232,637
Apartamento,64,638
Observação,155,639
Apartamento,303,640
Enfermaria,41,641
Apartamento,92,642
Observação,170,643
Apartamento,435,644
Observação,128,645
Apartamento,245,646
UTI Pediátrica,427,647
Apartamento,170,648
Apartamento,116,649
Apartamento,390,650
UTI Pediátrica,59,651
UTI Pediátrica,27,652
UTI Pediátrica,459,653
Observação,296,654
UTI Adulto,272,655
UTI Pediátrica,326,656
Enfermaria,203,657
Apartamento,490,658
UTI Pediátrica,480,659
Enfermaria,130,660
Enfermaria,58,661
Observação,28,662
UTI Adulto,246,663
Apartamento,279,664
Observação,156,665
UTI Pediátrica,484,666
Enfermaria,248,667
Apartamento,340,668
Enfermaria,466,669
Apartamento,189,670
Observação,340,671
UTI Pediátrica,163,672
UTI Adulto,89,673
UTI Adulto,308,674
Apartamento,146,675
Enfermaria,62,676
Apartamento,345,677
UTI Pediátrica,26,678
Apartamento,401,679
Observação,153,680
UTI Pediátrica,349,681
Observação,17,682
Apartamento,82,683
Observação,273,684
Enfermaria,345,685
UTI Pediátrica,190,686
Observação,259,687
Observação,31,688
Observação,487,689
UTI Adulto,429,690
UTI Pediátrica,214,691
Observação,433,692
Apartamento,438,693
Apartamento,480,694
Enfermaria,442,695
UTI Pediátrica,194,696
Observação,471,697
UTI Adulto,492,698
UTI Pediátrica,85,699
UTI Pediátrica,351,700
UTI Pediátrica,66,701
UTI Adulto,136,702
UTI Pediátrica,159,703
UTI Pediátrica,151,704
Observação,286,705
Enfermaria,469,706
UTI Adulto,450,707
UTI Adulto,485,708
UTI Pediátrica,3,709
UTI Pediátrica,367,710
Apartamento,439,711
Apartamento,384,712
UTI Adulto,375,713
UTI Pediátrica,469,714
Apartamento,270,715
Apartamento,81,716
UTI Adulto,314,717
Apartamento,52,718
Observação,94,719
Observação,343,720
Observação,208,721
Observação,93,722
UTI Adulto,291,723
Apartamento,27,724
Apartamento,485,725
UTI Adulto,412,726
UTI Adulto,474,727
UTI Pediátrica,327,728
Apartamento,399,729
UTI Pediátrica,342,730
Apartamento,31,731
Apartamento,205,732
Apartamento,91,733
Observação,367,734
Enfermaria,352,735
Enfermaria,118,736
Observação,347,737
UTI Pediátrica,49,738
UTI Pediátrica,127,739
Observação,9,740
Apartamento,381,741
Apartamento,218,742
Apartamento,436,743
UTI Adulto,49,744
Observação,325,745
Observação,376,746
Enfermaria,261,747
Apartamento,317,748
UTI Pediátrica,368,749
Apartamento,199,750
Apartamento,2,751
UTI Adulto,63,752
UTI Adulto,323,753
Enfermaria,127,754
UTI Adulto,118,755
Apartamento,411,756
UTI Pediátrica,482,757
UTI Pediátrica,233,758
Observação,193,759
Apartamento,226,760
UTI Pediátrica,271,761
UTI Pediátrica,453,762
UTI Pediátrica,333,763
UTI Adulto,329,764
UTI Pediátrica,473,765
Observação,120,766
UTI Pediátrica,286,767
Enfermaria,165,768
UTI Adulto,65,769
UTI Pediátrica,216,770
UTI Adulto,75,771
Apartamento,437,772
UTI Adulto,330,773
UTI Adulto,206,774
UTI Adulto,10,775
UTI Adulto,459,776
Observação,221,777
UTI Adulto,487,778
UTI Pediátrica,299,779
UTI Adulto,359,780
Observação,246,781
Observação,105,782
Observação,449,783
Apartamento,48,784
Enfermaria,388,785
Observação,412,786
UTI Pediátrica,100,787
Observação,101,788
UTI Pediátrica,244,789
UTI Adulto,23,790
Apartamento,248,791
UTI Pediátrica,48,792
UTI Adulto,133,793
UTI Adulto,69,794
Apartamento,418,795
UTI Adulto,71,796
UTI Adulto,41,797
Apartamento,117,798
Apartamento,233,799
Observação,164,800
Enfermaria,232,801
UTI Adulto,195,802
Apartamento,394,803
Apartamento,85,804
Apartamento,35,805
UTI Pediátrica,235,806
Observação,154,807
Enfermaria,25,808
UTI Adulto,334,809
UTI Pediátrica,172,810
Enfermaria,5,811
UTI Pediátrica,33,812
Apartamento,319,813
UTI Pediátrica,213,814
UTI Pediátrica,400,815
Apartamento,462,816
Enfermaria,299,817
Enfermaria,316,818
UTI Adulto,326,819
UTI Pediátrica,28,820
Enfermaria,405,821
Apartamento,447,822
Enfermaria,202,823
UTI Adulto,362,824
UTI Pediátrica,324,825
Apartamento,328,826
UTI Adulto,296,827
Apartamento,103,828
Enfermaria,65,829
Apartamento,265,830
UTI Adulto,269,831
Apartamento,141,832
Enfermaria,313,833
Observação,442,834
Apartamento,21,835
Observação,339,836
Observação,70,837
Enfermaria,361,838
UTI Pediátrica,372,839
UTI Adulto,90,840
UTI Adulto,410,841
Enfermaria,230,842
UTI Adulto,335,843
UTI Pediátrica,90,844
Apartamento,34,845
UTI Adulto,182,846
UTI Adulto,424,847
UTI Pediátrica,128,848
Observação,218,849
Observação,280,850
Enfermaria,477,851
Observação,307,852
UTI Pediátrica,141,853
Enfermaria,369,854
UTI Pediátrica,164,855
Observação,24,856
Apartamento,7,857
Observação,468,858
Apartamento,320,859
UTI Adulto,202,860
UTI Adulto,9,861
UTI Pediátrica,37,862
UTI Adulto,419,863
UTI Adulto,154,864
UTI Adulto,164,865
Apartamento,209,866
UTI Adulto,6,867
UTI Adulto,74,868
UTI Pediátrica,387,869
Apartamento,5,870
Apartamento,177,871
Apartamento,256,872
Apartamento,38,873
Apartamento,269,874
UTI Pediátrica,300,875
Enfermaria,399,876
UTI Pediátrica,52,877
Observação,392,878
Observação,102,879
Apartamento,20,880
UTI Adulto,219,881
Enfermaria,472,882
UTI Adulto,189,883
Enfermaria,69,884
UTI Adulto,364,885
Enfermaria,126,886
UTI Adulto,281,887
UTI Pediátrica,399,888
Observação,333,889
Apartamento,169,890
UTI Adulto,213,891
UTI Adulto,350,892
UTI Pediátrica,493,893
Observação,266,894
UTI Pediátrica,284,895
UTI Pediátrica,383,896
Observação,378,897
Apartamento,94,898
Observação,411,899
Observação,110,900
Enfermaria,455,901
Apartamento,250,902
Observação,10,903
Observação,95,904
UTI Adulto,422,905
UTI Adulto,131,906
UTI Pediátrica,384,907
Apartamento,73,908
UTI Adulto,249,909
Enfermaria,38,910
Apartamento,74,911
Enfermaria,178,912
Apartamento,161,913
UTI Adulto,61,914
Enfermaria,98,915
Apartamento,63,916
Apartamento,213,917
UTI Pediátrica,488,918
Enfermaria,242,919
Observação,480,920
Apartamento,130,921
Enfermaria,140,922
Enfermaria,252,923
Observação,441,924
Enfermaria,134,925
Observação,46,926
Apartamento,51,927
Observação,261,928
Enfermaria,108,929
Apartamento,65,930
Enfermaria,219,931
UTI Adulto,454,932
UTI Pediátrica,415,933
UTI Adulto,222,934
Enfermaria,368,935
UTI Pediátrica,155,936
Enfermaria,302,937
UTI Adulto,221,938
UTI Pediátrica,87,939
UTI Pediátrica,175,940
UTI Adulto,434,941
UTI Pediátrica,200,942
Enfermaria,351,943
UTI Adulto,493,944
UTI Adulto,273,945
Apartamento,258,946
Enfermaria,301,947
Apartamento,4,948
Apartamento,277,949
Enfermaria,168,950
UTI Pediátrica,101,951
Observação,348,952
Apartamento,131,953
UTI Pediátrica,82,954
Enfermaria,157,955
Observação,322,956
Observação,169,957
UTI Adulto,401,958
Apartamento,112,959
UTI Adulto,481,960
Apartamento,212,961
UTI Pediátrica,292,962
UTI Pediátrica,259,963
Observação,313,964
Observação,92,965
Observação,209,966
Apartamento,78,967
UTI Adulto,402,968
Observação,122,969
Enfermaria,149,970
UTI Adulto,161,971
Apartamento,262,972
Observação,420,973
Enfermaria,60,974
Apartamento,318,975
UTI Pediátrica,201,976
UTI Adulto,121,977
Enfermaria,488,978
Apartamento,40,979
Observação,32,980
Observação,224,981
Observação,157,982
Apartamento,325,983
UTI Pediátrica,303,984
Enfermaria,33,985
UTI Pediátrica,253,986
Apartamento,156,987
Apartamento,342,988
UTI Pediátrica,219,989
Observação,16,990
UTI Adulto,467,991
Enfermaria,90,992
UTI Pediátrica,212,993
UTI Adulto,388,994
Apartamento,426,995
UTI Pediátrica,489,996
UTI Pediátrica,474,997
UTI Pediátrica,112,998
UTI Pediátrica,304,999
UTI Adulto,29,1000
UTI Pediátrica,417,1001
Enfermaria,460,1002
UTI Pediátrica,322,1003
UTI Pediátrica,137,1004
UTI Pediátrica,64,1005
UTI Adulto,241,1006
UTI Pediátrica,403,1007
Observação,189,1008
Enfermaria,262,1009
UTI Adulto,22,1010
UTI Adulto,455,1011
Observação,451,1012
Observação,152,1013
Enfermaria,193,1014
UTI Pediátrica,487,1015
UTI Adulto,282,1016
UTI Adulto,495,1017
Enfermaria,137,1018
Observação,316,1019
Enfermaria,496,1020
Enfermaria,473,1021
Observação,457,1022
Observação,450,1023
Enfermaria,350,1024
UTI Pediátrica,218,1025
UTI Pediátrica,440,1026
UTI Adulto,343,1027
Observação,400,1028
UTI Adulto,203,1029
UTI Adulto,366,1030
UTI Adulto,285,1031
UTI Adulto,360,1032
UTI Pediátrica,176,1033
Observação,18,1034
UTI Adulto,127,1035
UTI Pediátrica,376,1036
Enfermaria,300,1037
UTI Adulto,171,1038
Apartamento,321,1039
UTI Pediátrica,419,1040
UTI Adulto,130,1041
UTI Adulto,94,1042
Observação,278,1043
Observação,354,1044
Apartamento,417,1045
UTI Adulto,52,1046
UTI Adulto,180,1047
Apartamento,18,1048
UTI Pediátrica,307,1049
UTI Pediátrica,373,1050
Observação,491,1051
UTI Pediátrica,437,1052
Enfermaria,229,1053
UTI Adulto,448,1054
Observação,458,1055
UTI Pediátrica,455,1056
Apartamento,398,1057
Enfermaria,145,1058
Enfermaria,7,1059
UTI Pediátrica,138,1060
UTI Adulto,486,1061
Observação,427,1062
UTI Pediátrica,81,1063
UTI Pediátrica,156,1064
UTI Pediátrica,25,1065
UTI Adulto,471,1066
Apartamento,79,1067
Apartamento,10,1068
UTI Pediátrica,343,1069
Observação,394,1070
Observação,478,1071
UTI Adulto,129,1072
Enfermaria,226,1073
Apartamento,302,1074
Enfermaria,122,1075
Enfermaria,91,1076
Apartamento,224,1077
UTI Adulto,252,1078
Enfermaria,358,1079
UTI Pediátrica,396,1080
Enfermaria,216,1081
UTI Pediátrica,40,1082
UTI Pediátrica,83,1083
Observação,327,1084
UTI Pediátrica,255,1085
UTI Pediátrica,362,1086
UTI Adulto,258,1087
UTI Adulto,311,1088
UTI Pediátrica,18,1089
Observação,305,1090
UTI Pediátrica,385,1091
UTI Pediátrica,311,1092
UTI Pediátrica,499,1093
Enfermaria,454,1094
Observação,116,1095
Enfermaria,378,1096
Apartamento,356,1097
UTI Pediátrica,94,1098
Enfermaria,273,1099
UTI Pediátrica,429,1100
Observação,350,1101
UTI Pediátrica,119,1102
Enfermaria,331,1103
UTI Adulto,100,1104
Apartamento,241,1105
Observação,3,1106
UTI Pediátrica,63,1107
UTI Pediátrica,410,1108
Apartamento,114,1109
Observação,443,1110
Apartamento,367,1111
UTI Pediátrica,123,1112
Observação,186,1113
UTI Adulto,392,1114
Apartamento,298,1115
Enfermaria,320,1116
Enfermaria,89,1117
Apartamento,309,1118
Enfermaria,201,1119
Observação,356,1120
Apartamento,115,1121
Observação,462,1122
UTI Adulto,398,1123
Enfermaria,63,1124
Enfermaria,121,1125
UTI Pediátrica,225,1126
Apartamento,285,1127
Observação,253,1128
Enfermaria,339,1129
Observação,2,1130
UTI Adulto,223,1131
Observação,402,1132
Enfermaria,57,1133
Enfermaria,11,1134
Enfermaria,22,1135
Observação,318,1136
UTI Pediátrica,88,1137
UTI Pediátrica,479,1138
Observação,492,1139
Apartamento,119,1140
UTI Adulto,84,1141
UTI Adulto,134,1142
Enfermaria,169,1143
Observação,421,1144
Enfermaria,480,1145
UTI Adulto,295,1146
Apartamento,289,1147
UTI Adulto,351,1148
Enfermaria,31,1149
Observação,4,1150
UTI Pediátrica,150,1151
Observação,275,1152
UTI Pediátrica,177,1153
UTI Pediátrica,356,1154
Enfermaria,379,1155
Enfermaria,18,1156
Observação,387,1157
Enfermaria,113,1158
Observação,182,1159
Enfermaria,375,1160
UTI Pediátrica,422,1161
UTI Adulto,20,1162
Apartamento,71,1163
UTI Adulto,177,1164
Apartamento,243,1165
UTI Adulto,115,1166
Enfermaria,28,1167
UTI Adulto,254,1168
Enfermaria,387,1169
Observação,22,1170
UTI Adulto,464,1171
Enfermaria,440,1172
Enfermaria,159,1173
UTI Pediátrica,260,1174
UTI Adulto,188,1175
Enfermaria,107,1176
Apartamento,68,1177
UTI Pediátrica,67,1178
UTI Adulto,218,1179
UTI Adulto,349,1180
UTI Pediátrica,231,1181
Apartamento,434,1182
Enfermaria,487,1183
Apartamento,72,1184
Enfermaria,392,1185
Apartamento,118,1186
UTI Pediátrica,165,1187
UTI Pediátrica,189,1188
UTI Pediátrica,91,1189
Enfermaria,380,1190
UTI Pediátrica,206,1191
Apartamento,359,1192
UTI Adulto,408,1193
Observação,80,1194
Observação,108,1195
Apartamento,433,1196
UTI Pediátrica,446,1197
Enfermaria,93,1198
UTI Pediátrica,394,1199
Apartamento,419,1200
Observação,444,1201
Enfermaria,432,1202
UTI Pediátrica,366,1203
Observação,158,1204
Observação,292,1205
UTI Adulto,298,1206
Observação,233,1207
Apartamento,358,1208
Apartamento,214,1209
Apartamento,362,1210
Enfermaria,9,1211
UTI Adulto,332,1212
UTI Pediátrica,462,1213
Observação,100,1214
Enfermaria,450,1215
Observação,113,1216
Apartamento,106,1217
UTI Pediátrica,229,1218
Apartamento,463,1219
Enfermaria,465,1220
Apartamento,377,1221
UTI Pediátrica,381,1222
Observação,200,1223
Observação,71,1224
Apartamento,61,1225
UTI Pediátrica,55,1226
UTI Adulto,204,1227
Apartamento,458,1228
Apartamento,449,1229
Observação,76,1230
UTI Adulto,352,1231
Observação,181,1232
Apartamento,295,1233
UTI Adulto,78,1234
Enfermaria,372,1235
Observação,75,1236
Apartamento,361,1237
UTI Pediátrica,147,1238
UTI Adulto,262,1239
UTI Adulto,95,1240
UTI Adulto,470,1241
Enfermaria,218,1242
Observação,346,1243
Enfermaria,423,1244
UTI Adulto,480,1245
Apartamento,32,1246
UTI Adulto,442,1247
UTI Adulto,16,1248
UTI Adulto,11,1249
Observação,335,1250
Observação,162,1251
Enfermaria,135,1252
UTI Pediátrica,456,1253
Enfermaria,46,1254
Apartamento,87,1255
UTI Pediátrica,416,1256
Observação,47,1257
UTI Adulto,306,1258
UTI Pediátrica,258,1259
UTI Adulto,166,1260
UTI Pediátrica,41,1261
UTI Adulto,107,1262
UTI Adulto,416,1263
UTI Adulto,465,1264
Observação,15,1265
Enfermaria,395,1266
Observação,226,1267
UTI Pediátrica,110,1268
Apartamento,143,1269
Apartamento,428,1270
Enfermaria,360,1271
UTI Adulto,261,1272
Apartamento,242,1273
Enfermaria,153,1274
UTI Pediátrica,197,1275
Enfermaria,163,1276
UTI Adulto,344,1277
UTI Adulto,124,1278
Apartamento,402,1279
UTI Adulto,149,1280
Apartamento,379,1281
UTI Adulto,18,1282
UTI Pediátrica,370,1283
Enfermaria,68,1284
Enfermaria,279,1285
UTI Adulto,354,1286
Apartamento,191,1287
Enfermaria,296,1288
UTI Adulto,217,1289
UTI Adulto,68,1290
UTI Pediátrica,148,1291
Apartamento,456,1292
Observação,455,1293
Observação,96,1294
Apartamento,23,1295
Enfermaria,2,1296
UTI Pediátrica,8,1297
Observação,82,1298
Enfermaria,332,1299
Enfermaria,94,1300
UTI Pediátrica,131,1301
Enfermaria,272,1302
UTI Adulto,368,1303
Enfermaria,497,1304
Enfermaria,321,1305
UTI Adulto,151,1306
Enfermaria,417,1307
UTI Adulto,483,1308
UTI Adulto,114,1309
Enfermaria,288,1310
UTI Adulto,208,1311
Apartamento,461,1312
Apartamento,160,1313
Apartamento,90,1314
Observação,295,1315
Observação,61,1316
UTI Adulto,3,1317
UTI Pediátrica,369,1318
Enfermaria,485,1319
UTI Pediátrica,222,1320
UTI Pediátrica,122,1321
Apartamento,215,1322
Observação,466,1323
Enfermaria,452,1324
UTI Adulto,59,1325
UTI Pediátrica,496,1326
Observação,430,1327
UTI Adulto,15,1328
Observação,107,1329
Apartamento,443,1330
Enfermaria,390,1331
UTI Pediátrica,319,1332
Observação,364,1333
UTI Pediátrica,298,1334
Enfermaria,104,1335
Apartamento,464,1336
Observação,64,1337
Enfermaria,499,1338
Apartamento,445,1339
UTI Adulto,21,1340
Enfermaria,303,1341
UTI Adulto,289,1342
Enfermaria,255,1343
UTI Adulto,456,1344
Observação,197,1345
Observação,98,1346
UTI Pediátrica,407,1347
UTI Adulto,265,1348
Apartamento,306,1349
Enfermaria,188,1350
Apartamento,395,1351
UTI Pediátrica,199,1352
UTI Pediátrica,470,1353
Apartamento,278,1354
Observação,352,1355
Apartamento,127,1356
Apartamento,99,1357
Apartamento,145,1358
Apartamento,109,1359
Observação,194,1360
Observação,13,1361
Apartamento,55,1362
Apartamento,195,1363
Apartamento,238,1364
Observação,384,1365
UTI Adulto,200,1366
UTI Adulto,79,1367
Observação,323,1368
Observação,25,1369
UTI Adulto,110,1370
Apartamento,364,1371
Observação,448,1372
Enfermaria,204,1373
Apartamento,335,1374
UTI Adulto,42,1375
UTI Adulto,5,1376
Enfermaria,36,1377
Enfermaria,237,1378
UTI Pediátrica,209,1379
UTI Pediátrica,390,1380
Enfermaria,413,1381
Apartamento,100,1382
Observação,270,1383
Apartamento,225,1384
Enfermaria,284,1385
Apartamento,451,1386
UTI Adulto,102,1387
UTI Adulto,356,1388
Enfermaria,386,1389
UTI Pediátrica,293,1390
UTI Adulto,260,1391
UTI Adulto,479,1392
UTI Pediátrica,211,1393
Apartamento,478,1394
Enfermaria,257,1395
UTI Pediátrica,198,1396
Apartamento,173,1397
Enfermaria,136,1398
Apartamento,8,1399
UTI Pediátrica,444,1400
Observação,370,1401
Apartamento,57,1402
Apartamento,132,1403
UTI Pediátrica,468,1404
Observação,355,1405
Observação,396,1406
Apartamento,326,1407
Apartamento,290,1408
Observação,453,1409
UTI Adulto,183,1410
Enfermaria,307,1411
Apartamento,287,1412
Observação,212,1413
UTI Pediátrica,236,1414
Enfermaria,80,1415
Enfermaria,366,1416
UTI Adulto,411,1417
UTI Pediátrica,277,1418
UTI Pediátrica,99,1419
Enfermaria,449,1420
UTI Adulto,320,1421
UTI Adulto,367,1422
Apartamento,272,1423
Enfermaria,177,1424
UTI Adulto,92,1425
UTI Pediátrica,464,1426
Enfermaria,476,1427
Observação,60,1428
UTI Adulto,34,1429
Observação,166,1430
UTI Adulto,1,1431
UTI Pediátrica,297,1432
Observação,178,1433
Observação,38,1434
UTI Pediátrica,433,1435
UTI Adulto,36,1436
Enfermaria,239,1437
Observação,177,1438
Observação,334,1439
Observação,123,1440
Enfermaria,180,1441
Observação,336,1442
Observação,210,1443
Enfermaria,437,1444
Observação,50,1445
UTI Adulto,363,1446
Observação,174,1447
UTI Adulto,190,1448
Observação,35,1449
Observação,418,1450
Enfermaria,267,1451
Enfermaria,240,1452
UTI Adulto,35,1453
Apartamento,165,1454
Apartamento,495,1455
Apartamento,323,1456
Observação,147,1457
UTI Adulto,105,1458
Apartamento,59,1459
Enfermaria,181,1460
Apartamento,260,1461
UTI Pediátrica,269,1462
UTI Adulto,97,1463
UTI Pediátrica,152,1464
Enfermaria,348,1465
UTI Pediátrica,357,1466
Observação,359,1467
UTI Pediátrica,20,1468
Observação,408,1469
Observação,205,1470
Apartamento,297,1471
Apartamento,138,1472
UTI Pediátrica,461,1473
Apartamento,253,1474
UTI Pediátrica,71,1475
Enfermaria,326,1476
UTI Adulto,119,1477
Apartamento,470,1478
Enfermaria,419,1479
Apartamento,400,1480
UTI Pediátrica,421,1481
Observação,238,1482
UTI Pediátrica,352,1483
Enfermaria,120,1484
UTI Adulto,87,1485
UTI Adulto,403,1486
Apartamento,349,1487
Enfermaria,81,1488
Observação,59,1489
UTI Pediátrica,395,1490
UTI Adulto,25,1491
Apartamento,171,1492
Apartamento,292,1493
Observação,223,1494
UTI Pediátrica,392,1495
UTI Pediátrica,208,1496
UTI Adulto,458,1497
Enfermaria,293,1498
UTI Adulto,381,1499
Enfermaria,398,1500
UTI Adulto,19,1501
Observação,476,1502
Enfermaria,52,1503
Observação,173,1504
Observação,344,1505
Observação,285,1506
Enfermaria,397,1507
Apartamento,70,1508
Apartamento,53,1509
Enfermaria,447,1510
Enfermaria,492,1511
UTI Pediátrica,86,1512
UTI Pediátrica,442,1513
Apartamento,466,1514
Enfermaria,461,1515
Observação,188,1516
UTI Adulto,460,1517
Observação,437,1518
Apartamento,446,1519
UTI Adulto,235,1520
Enfermaria,144,1521
UTI Adulto,497,1522
UTI Pediátrica,223,1523
UTI Adulto,478,1524
UTI Pediátrica,354,1525
UTI Adulto,406,1526
Enfermaria,276,1527
UTI Adulto,123,1528
UTI Adulto,274,1529
UTI Adulto,56,1530
Enfermaria,251,1531
Enfermaria,464,1532
Apartamento,414,1533
UTI Adulto,313,1534
Enfermaria,97,1535
UTI Adulto,437,1536
Observação,393,1537
Enfermaria,173,1538
UTI Pediátrica,120,1539
Enfermaria,436,1540
UTI Adulto,132,1541
Enfermaria,61,1542
Enfermaria,435,1543
Observação,88,1544
Enfermaria,105,1545
Enfermaria,84,1546
UTI Adulto,137,1547
UTI Pediátrica,331,1548
UTI Adulto,294,1549
Apartamento,352,1550
UTI Pediátrica,315,1551
UTI Pediátrica,436,1552
UTI Pediátrica,498,1553
UTI Pediátrica,336,1554
UTI Pediátrica,339,1555
Observação,465,1556
Enfermaria,334,1557
UTI Adulto,321,1558
UTI Adulto,17,1559
Apartamento,246,1560
Apartamento,36,1561
Enfermaria,291,1562
Enfermaria,236,1563
Observação,220,1564
Apartamento,155,1565
Enfermaria,353,1566
UTI Pediátrica,295,1567
UTI Adulto,215,1568
UTI Pediátrica,130,1569
UTI Pediátrica,338,1570
UTI Pediátrica,431,1571
Apartamento,237,1572
Apartamento,489,1573
UTI Pediátrica,76,1574
Enfermaria,42,1575
Enfermaria,70,1576
Observação,203,1577
UTI Pediátrica,181,1578
Apartamento,122,1579
UTI Adulto,319,1580
Apartamento,252,1581
UTI Pediátrica,344,1582
Apartamento,124,1583
Enfermaria,235,1584
Enfermaria,246,1585
Apartamento,396,1586
Apartamento,1,1587
Enfermaria,287,1588
Enfermaria,408,1589
Apartamento,200,1590
Observação,467,1591
UTI Pediátrica,109,1592
UTI Pediátrica,305,1593
UTI Pediátrica,267,1594
Enfermaria,205,1595
Enfermaria,185,1596
UTI Pediátrica,126,1597
Apartamento,385,1598
Enfermaria,141,1599
Apartamento,420,1600
Enfermaria,26,1601
Observação,87,1602
Enfermaria,114,1603
Apartamento,301,1604
UTI Adulto,57,1605
UTI Pediátrica,242,1606
UTI Pediátrica,388,1607
UTI Adulto,176,1608
UTI Pediátrica,228,1609
UTI Adulto,8,1610
Observação,144,1611
Enfermaria,260,1612
Enfermaria,389,1613
UTI Pediátrica,420,1614
UTI Adulto,24,1615
Observação,398,1616
Enfermaria,425,1617
Apartamento,440,1618
Observação,338,1619
Enfermaria,66,1620
UTI Adulto,47,1621
Enfermaria,143,1622
Observação,133,1623
UTI Adulto,244,1624
Observação,497,1625
UTI Adulto,264,1626
Apartamento,423,1627
Enfermaria,478,1628
Observação,235,1629
Apartamento,198,1630
Apartamento,194,1631
UTI Adulto,64,1632
Apartamento,30,1633
Observação,241,1634
UTI Adulto,98,1635
UTI Pediátrica,35,1636
UTI Adulto,409,1637
Observação,496,1638
Observação,440,1639
Apartamento,471,1640
UTI Pediátrica,413,1641
Apartamento,19,1642
Enfermaria,381,1643
Enfermaria,12,1644
Enfermaria,67,1645
UTI Pediátrica,21,1646
UTI Adulto,438,1647
Enfermaria,112,1648
UTI Adulto,146,1649
Observação,78,1650
UTI Pediátrica,9,1651
UTI Adulto,242,1652
Observação,495,1653
Enfermaria,365,1654
Apartamento,140,1655
UTI Adulto,466,1656
Observação,371,1657
UTI Adulto,382,1658
UTI Pediátrica,363,1659
UTI Pediátrica,309,1660
Apartamento,86,1661
Observação,366,1662
Enfermaria,224,1663
Observação,479,1664
Observação,127,1665
UTI Adulto,77,1666
UTI Pediátrica,361,1667
Observação,231,1668
Apartamento,251,1669
UTI Adulto,457,1670
Apartamento,162,1671
Observação,5,1672
UTI Adulto,7,1673
Observação,357,1674
Apartamento,60,1675
UTI Pediátrica,443,1676
Observação,406,1677
Apartamento,185,1678
Enfermaria,256,1679
Observação,227,1680
UTI Adulto,396,1681
UTI Adulto,143,1682
Enfermaria,396,1683
UTI Adulto,278,1684
Apartamento,374,1685
UTI Pediátrica,238,1686
Enfermaria,382,1687
UTI Adulto,93,1688
Enfermaria,15,1689
Apartamento,452,1690
Apartamento,486,1691
Observação,407,1692
Observação,380,1693
Enfermaria,32,1694
Enfermaria,315,1695
UTI Adulto,303,1696
UTI Adulto,138,1697
Observação,86,1698
UTI Pediátrica,380,1699
UTI Adulto,399,1700
Observação,300,1701
UTI Adulto,397,1702
Observação,390,1703
UTI Adulto,211,1704
UTI Pediátrica,241,1705
Apartamento,126,1706
Enfermaria,406,1707
Observação,499,1708
Enfermaria,30,1709
UTI Adulto,88,1710
UTI Adulto,339,1711
Enfermaria,179,1712
UTI Pediátrica,497,1713
Observação,337,1714
UTI Pediátrica,111,1715
Apartamento,152,1716
Observação,183,1717
UTI Adulto,316,1718
UTI Pediátrica,56,1719
Enfermaria,53,1720
Observação,191,1721
Observação,330,1722
Enfermaria,410,1723
Enfermaria,416,1724
Apartamento,467,1725
Observação,148,1726
UTI Adulto,346,1727
UTI Adulto,283,1728
Apartamento,337,1729
Apartamento,203,1730
Observação,431,1731
Apartamento,491,1732
UTI Pediátrica,183,1733
Enfermaria,167,1734
Observação,42,1735
Apartamento,293,1736
Observação,258,1737
Enfermaria,441,1738
Apartamento,347,1739
Enfermaria,24,1740
UTI Pediátrica,162,1741
UTI Pediátrica,262,1742
Apartamento,58,1743
Apartamento,304,1744
UTI Adulto,413,1745
Enfermaria,298,1746
Apartamento,276,1747
UTI Pediátrica,485,1748
Enfermaria,123,1749
Enfermaria,470,1750
Apartamento,305,1751
Enfermaria,468,1752
Enfermaria,117,1753
UTI Adulto,156,1754
Observação,414,1755
Enfermaria,364,1756
UTI Adulto,220,1757
Enfermaria,362,1758
Enfermaria,484,1759
UTI Adulto,407,1760
UTI Pediátrica,341,1761
UTI Pediátrica,193,1762
Observação,349,1763
Apartamento,291,1764
UTI Pediátrica,224,1765
UTI Pediátrica,247,1766
UTI Pediátrica,96,1767
Apartamento,231,1768
UTI Pediátrica,105,1769
Observação,149,1770
Apartamento,366,1771
Enfermaria,254,1772
Enfermaria,161,1773
UTI Pediátrica,234,1774
Enfermaria,78,1775
Apartamento,111,1776
Observação,239,1777
Enfermaria,434,1778
UTI Pediátrica,6,1779
Observação,247,1780
UTI Adulto,243,1781
Apartamento,416,1782
Enfermaria,99,1783
Apartamento,45,1784
Observação,103,1785
UTI Adulto,443,1786
Enfermaria,209,1787
Enfermaria,109,1788
Enfermaria,88,1789
UTI Pediátrica,411,1790
Apartamento,444,1791
Enfermaria,401,1792
Apartamento,105,1793
Observação,475,1794
UTI Adulto,199,1795
Observação,372,1796
UTI Pediátrica,132,1797
Observação,326,1798
Enfermaria,4,1799
UTI Adulto,169,1800
Enfermaria,195,1801
UTI Pediátrica,42,1802
UTI Pediátrica,270,1803
Observação,199,1804
Enfermaria,139,1805
Apartamento,178,1806
Observação,279,1807
Observação,132,1808
Observação,245,1809
UTI Pediátrica,347,1810
UTI Pediátrica,495,1811
UTI Pediátrica,272,1812
Observação,81,1813
UTI Adulto,418,1814
UTI Adulto,170,1815
UTI Pediátrica,345,1816
Enfermaria,456,1817
Apartamento,296,1818
Observação,196,1819
Enfermaria,335,1820
Enfermaria,247,1821
Apartamento,163,1822
UTI Pediátrica,58,1823
Apartamento,33,1824
Enfermaria,446,1825
Observação,460,1826
Observação,484,1827
UTI Pediátrica,463,1828
Enfermaria,148,1829
UTI Pediátrica,51,1830
UTI Pediátrica,441,1831
UTI Pediátrica,340,1832
Apartamento,22,1833
Apartamento,465,1834
Observação,311,1835
UTI Adulto,498,1836
Observação,216,1837
UTI Adulto,279,1838
Observação,57,1839
UTI Pediátrica,306,1840
Apartamento,69,1841
UTI Adulto,353,1842
Enfermaria,286,1843
UTI Pediátrica,423,1844
Apartamento,316,1845
UTI Adulto,50,1846
Observação,262,1847
Observação,30,1848
UTI Pediátrica,451,1849
Enfermaria,184,1850
UTI Pediátrica,171,1851
UTI Adulto,184,1852
Apartamento,334,1853
Observação,332,1854
Observação,342,1855
Observação,488,1856
UTI Pediátrica,425,1857
Apartamento,322,1858
Observação,417,1859
Apartamento,236,1860
Apartamento,210,1861
UTI Pediátrica,251,1862
UTI Adulto,230,1863
Apartamento,172,1864
Observação,287,1865
Enfermaria,76,1866
Enfermaria,174,1867
Enfermaria,409,1868
Observação,211,1869
Apartamento,353,1870
UTI Pediátrica,77,1871
UTI Pediátrica,95,1872
Enfermaria,199,1873
UTI Pediátrica,39,1874
Enfermaria,71,1875
Enfermaria,3,1876
Apartamento,481,1877
UTI Pediátrica,273,1878
Apartamento,216,1879
Apartamento,39,1880
Observação,19,1881
Observação,160,1882
Enfermaria,367,1883
Observação,315,1884
Enfermaria,282,1885
Apartamento,202,1886
Observação,115,1887
Apartamento,389,1888
Enfermaria,34,1889
Observação,302,1890
UTI Adulto,271,1891
Enfermaria,238,1892
Enfermaria,363,1893
Apartamento,354,1894
Observação,229,1895
Observação,299,1896
Observação,382,1897
Apartamento,274,1898
Observação,52,1899
UTI Adulto,297,1900
Apartamento,201,1901
Apartamento,484,1902
Observação,219,1903
UTI Adulto,168,1904
UTI Pediátrica,266,1905
UTI Pediátrica,337,1906
UTI Adulto,324,1907
Observação,7,1908
UTI Pediátrica,84,1909
UTI Adulto,73,1910
Observação,490,1911
UTI Adulto,373,1912
Observação,290,1913
Observação,429,1914
UTI Pediátrica,36,1915
UTI Adulto,142,1916
Apartamento,360,1917
Observação,283,1918
Apartamento,147,1919
Observação,425,1920
UTI Adulto,420,1921
Observação,428,1922
UTI Pediátrica,301,1923
UTI Pediátrica,10,1924
UTI Adulto,342,1925
UTI Adulto,255,1926
Enfermaria,183,1927
Observação,423,1928
Apartamento,56,1929
Observação,498,1930
Enfermaria,457,1931
UTI Pediátrica,170,1932
UTI Adulto,425,1933
Enfermaria,265,1934
UTI Adulto,233,1935
UTI Adulto,167,1936
UTI Adulto,404,1937
UTI Pediátrica,491,1938
UTI Adulto,463,1939
UTI Pediátrica,12,1940
UTI Adulto,32,1941
Apartamento,121,1942
UTI Adulto,209,1943
Enfermaria,198,1944
Observação,486,1945
UTI Adulto,449,1946
UTI Pediátrica,62,1947
UTI Pediátrica,314,1948
UTI Adulto,53,1949
Observação,353,1950
UTI Adulto,275,1951
Enfermaria,212,1952
Apartamento,179,1953
Enfermaria,156,1954
Enfermaria,308,1955
UTI Adulto,475,1956
Apartamento,206,1957
UTI Adulto,85,1958
UTI Pediátrica,377,1959
UTI Pediátrica,11,1960
Observação,373,1961
UTI Adulto,212,1962
UTI Adulto,197,1963
UTI Adulto,83,1964
Observação,55,1965
UTI Adulto,322,1966
Observação,222,1967
Apartamento,184,1968
UTI Adulto,328,1969
UTI Adulto,232,1970
Apartamento,391,1971
UTI Pediátrica,203,1972
UTI Pediátrica,325,1973
Apartamento,17,1974
Observação,51,1975
UTI Pediátrica,486,1976
Observação,175,1977
UTI Adulto,355,1978
Observação,409,1979
Apartamento,308,1980
Observação,240,1981
UTI Pediátrica,483,1982
Observação,126,1983
UTI Adulto,299,1984
UTI Adulto,430,1985
UTI Pediátrica,439,1986
Apartamento,113,1987
Apartamento,234,1988
Observação,379,1989
UTI Pediátrica,287,1990
Apartamento,429,1991
Apartamento,475,1992
UTI Pediátrica,135,1993
Enfermaria,483,1994
Enfermaria,424,1995
Apartamento,159,1996
Observação,45,1997
Enfermaria,317,1998
Observação,1,1999
Enfermaria,463,2000
Enfermaria,207,2001
Apartamento,430,2002
Observação,260,2003
Observação,413,2004
UTI Adulto,201,2005
Apartamento,406,2006
Apartamento,455,2007
UTI Pediátrica,424,2008
Enfermaria,101,2009
Observação,117,2010
UTI Pediátrica,23,2011
UTI Pediátrica,294,2012
Enfermaria,453,2013
Observação,215,2014
UTI Adulto,174,2015
Observação,456,2016
Observação,320,2017
Observação,250,2018
UTI Pediátrica,283,2019
UTI Pediátrica,296,2020
Apartamento,488,2021
Enfermaria,285,2022
Apartamento,496,2023
UTI Pediátrica,312,2024
Apartamento,493,2025
UTI Pediátrica,143,2026
Enfermaria,125,2027
UTI Pediátrica,136,2028
UTI Adulto,39,2029
Observação,151,2030
Enfermaria,427,2031
Observação,489,2032
Apartamento,80,2033
Apartamento,376,2034
Observação,377,2035
Observação,399,2036
Observação,65,2037
UTI Pediátrica,432,2038
UTI Adulto,181,2039
Apartamento,266,2040
UTI Adulto,327,2041
Apartamento,365,2042
Enfermaria,45,2043
Enfermaria,56,2044
UTI Adulto,387,2045
UTI Pediátrica,346,2046
UTI Adulto,383,2047
Enfermaria,402,2048
Observação,252,2049
Observação,11,2050
Apartamento,84,2051
UTI Adulto,226,2052
Observação,481,2053
UTI Pediátrica,334,2054
Apartamento,26,2055
UTI Adulto,66,2056
Apartamento,197,2057
UTI Pediátrica,492,2058
UTI Pediátrica,434,2059
Apartamento,405,2060
Enfermaria,10,2061
Enfermaria,77,2062
Observação,297,2063
UTI Adulto,162,2064
Enfermaria,87,2065
UTI Pediátrica,178,2066
UTI Adulto,191,2067
UTI Adulto,173,2068
Enfermaria,250,2069
UTI Adulto,333,2070
Enfermaria,430,2071
Observação,12,2072
UTI Pediátrica,47,2073
Apartamento,164,2074
UTI Adulto,227,2075
UTI Pediátrica,452,2076
UTI Adulto,140,2077
UTI Adulto,237,2078
Observação,140,2079
Apartamento,211,2080
UTI Adulto,318,2081
Observação,324,2082
Observação,136,2083
UTI Adulto,44,2084
Enfermaria,415,2085
UTI Adulto,446,2086
Observação,145,2087
UTI Pediátrica,195,2088
Enfermaria,491,2089
UTI Adulto,46,2090
UTI Pediátrica,467,2091
UTI Adulto,91,2092
Apartamento,123,2093
Apartamento,13,2094
Enfermaria,312,2095
Observação,206,2096
UTI Adulto,152,2097
Apartamento,29,2098
Enfermaria,47,2099
Apartamento,129,2100
Enfermaria,244,2101
UTI Pediátrica,471,2102
Enfermaria,467,2103
Apartamento,41,2104
UTI Adulto,251,2105
Enfermaria,175,2106
Apartamento,351,2107
Apartamento,220,2108
Observação,388,2109
Observação,291,2110
Observação,470,2111
Apartamento,149,2112
Apartamento,192,2113
Enfermaria,233,2114
Enfermaria,131,2115
Apartamento,441,2116
UTI Adulto,376,2117
UTI Pediátrica,430,2118
UTI Adulto,80,2119
UTI Pediátrica,220,2120
Apartamento,83,2121
UTI Pediátrica,104,2122
Enfermaria,106,2123
UTI Adulto,389,2124
Apartamento,139,2125
UTI Pediátrica,257,2126
Apartamento,369,2127
Enfermaria,206,2128
Observação,329,2129
Apartamento,341,2130
Apartamento,66,2131
Enfermaria,23,2132
UTI Adulto,159,2133
UTI Adulto,441,2134
UTI Pediátrica,477,2135
UTI Adulto,451,2136
Enfermaria,422,2137
Observação,401,2138
Observação,424,2139
UTI Pediátrica,252,2140
UTI Adulto,340,2141
Apartamento,284,2142
Observação,452,2143
Enfermaria,319,2144
Enfermaria,162,2145
UTI Pediátrica,274,2146
UTI Adulto,290,2147
Apartamento,330,2148
UTI Adulto,307,2149
Observação,255,2150
UTI Adulto,292,2151
Enfermaria,100,2152
Enfermaria,150,2153
